image,label
/content/flair_fnau/output/train_dataset/train/images/tile_0093.tif,/content/flair_fnau/output/train_dataset/train/labels/tile_0093.tif
/content/flair_fnau/output/train_dataset/train/images/tile_0062.tif,/content/flair_fnau/output/train_dataset/train/labels/tile_0062.tif
/content/flair_fnau/output/train_dataset/train/images/tile_0022.tif,/content/flair_fnau/output/train_dataset/train/labels/tile_0022.tif
/content/flair_fnau/output/train_dataset/train/images/tile_0047.tif,/content/flair_fnau/output/train_dataset/train/labels/tile_0047.tif
/content/flair_fnau/output/train_dataset/train/images/tile_0067.tif,/content/flair_fnau/output/train_dataset/train/labels/tile_0067.tif
/content/flair_fnau/output/train_dataset/train/images/tile_0098.tif,/content/flair_fnau/output/train_dataset/train/labels/tile_0098.tif
/content/flair_fnau/output/train_dataset/train/images/tile_0030.tif,/content/flair_fnau/output/train_dataset/train/labels/tile_0030.tif
/content/flair_fnau/output/train_dataset/train/images/tile_0073.tif,/content/flair_fnau/output/train_dataset/train/labels/tile_0073.tif
/content/flair_fnau/output/train_dataset/train/images/tile_0064.tif,/content/flair_fnau/output/train_dataset/train/labels/tile_0064.tif
/content/flair_fnau/output/train_dataset/train/images/tile_0009.tif,/content/flair_fnau/output/train_dataset/train/labels/tile_0009.tif
/content/flair_fnau/output/train_dataset/train/images/tile_0033.tif,/content/flair_fnau/output/train_dataset/train/labels/tile_0033.tif
/content/flair_fnau/output/train_dataset/train/images/tile_0068.tif,/content/flair_fnau/output/train_dataset/train/labels/tile_0068.tif
/content/flair_fnau/output/train_dataset/train/images/tile_0025.tif,/content/flair_fnau/output/train_dataset/train/labels/tile_0025.tif
/content/flair_fnau/output/train_dataset/train/images/tile_0076.tif,/content/flair_fnau/output/train_dataset/train/labels/tile_0076.tif
/content/flair_fnau/output/train_dataset/train/images/tile_0028.tif,/content/flair_fnau/output/train_dataset/train/labels/tile_0028.tif
/content/flair_fnau/output/train_dataset/train/images/tile_0096.tif,/content/flair_fnau/output/train_dataset/train/labels/tile_0096.tif
/content/flair_fnau/output/train_dataset/train/images/tile_0125.tif,/content/flair_fnau/output/train_dataset/train/labels/tile_0125.tif
/content/flair_fnau/output/train_dataset/train/images/tile_0094.tif,/content/flair_fnau/output/train_dataset/train/labels/tile_0094.tif
/content/flair_fnau/output/train_dataset/train/images/tile_0053.tif,/content/flair_fnau/output/train_dataset/train/labels/tile_0053.tif
/content/flair_fnau/output/train_dataset/train/images/tile_0005.tif,/content/flair_fnau/output/train_dataset/train/labels/tile_0005.tif
/content/flair_fnau/output/train_dataset/train/images/tile_0070.tif,/content/flair_fnau/output/train_dataset/train/labels/tile_0070.tif
/content/flair_fnau/output/train_dataset/train/images/tile_0103.tif,/content/flair_fnau/output/train_dataset/train/labels/tile_0103.tif
/content/flair_fnau/output/train_dataset/train/images/tile_0039.tif,/content/flair_fnau/output/train_dataset/train/labels/tile_0039.tif
/content/flair_fnau/output/train_dataset/train/images/tile_0049.tif,/content/flair_fnau/output/train_dataset/train/labels/tile_0049.tif
/content/flair_fnau/output/train_dataset/train/images/tile_0035.tif,/content/flair_fnau/output/train_dataset/train/labels/tile_0035.tif
/content/flair_fnau/output/train_dataset/train/images/tile_0034.tif,/content/flair_fnau/output/train_dataset/train/labels/tile_0034.tif
/content/flair_fnau/output/train_dataset/train/images/tile_0112.tif,/content/flair_fnau/output/train_dataset/train/labels/tile_0112.tif
/content/flair_fnau/output/train_dataset/train/images/tile_0007.tif,/content/flair_fnau/output/train_dataset/train/labels/tile_0007.tif
/content/flair_fnau/output/train_dataset/train/images/tile_0043.tif,/content/flair_fnau/output/train_dataset/train/labels/tile_0043.tif
/content/flair_fnau/output/train_dataset/train/images/tile_0122.tif,/content/flair_fnau/output/train_dataset/train/labels/tile_0122.tif
/content/flair_fnau/output/train_dataset/train/images/tile_0132.tif,/content/flair_fnau/output/train_dataset/train/labels/tile_0132.tif
/content/flair_fnau/output/train_dataset/train/images/tile_0114.tif,/content/flair_fnau/output/train_dataset/train/labels/tile_0114.tif
/content/flair_fnau/output/train_dataset/train/images/tile_0008.tif,/content/flair_fnau/output/train_dataset/train/labels/tile_0008.tif
/content/flair_fnau/output/train_dataset/train/images/tile_0013.tif,/content/flair_fnau/output/train_dataset/train/labels/tile_0013.tif
/content/flair_fnau/output/train_dataset/train/images/tile_0134.tif,/content/flair_fnau/output/train_dataset/train/labels/tile_0134.tif
/content/flair_fnau/output/train_dataset/train/images/tile_0003.tif,/content/flair_fnau/output/train_dataset/train/labels/tile_0003.tif
/content/flair_fnau/output/train_dataset/train/images/tile_0017.tif,/content/flair_fnau/output/train_dataset/train/labels/tile_0017.tif
/content/flair_fnau/output/train_dataset/train/images/tile_0038.tif,/content/flair_fnau/output/train_dataset/train/labels/tile_0038.tif
/content/flair_fnau/output/train_dataset/train/images/tile_0072.tif,/content/flair_fnau/output/train_dataset/train/labels/tile_0072.tif
/content/flair_fnau/output/train_dataset/train/images/tile_0120.tif,/content/flair_fnau/output/train_dataset/train/labels/tile_0120.tif
/content/flair_fnau/output/train_dataset/train/images/tile_0006.tif,/content/flair_fnau/output/train_dataset/train/labels/tile_0006.tif
/content/flair_fnau/output/train_dataset/train/images/tile_0085.tif,/content/flair_fnau/output/train_dataset/train/labels/tile_0085.tif
/content/flair_fnau/output/train_dataset/train/images/tile_0116.tif,/content/flair_fnau/output/train_dataset/train/labels/tile_0116.tif
/content/flair_fnau/output/train_dataset/train/images/tile_0107.tif,/content/flair_fnau/output/train_dataset/train/labels/tile_0107.tif
/content/flair_fnau/output/train_dataset/train/images/tile_0054.tif,/content/flair_fnau/output/train_dataset/train/labels/tile_0054.tif
/content/flair_fnau/output/train_dataset/train/images/tile_0050.tif,/content/flair_fnau/output/train_dataset/train/labels/tile_0050.tif
/content/flair_fnau/output/train_dataset/train/images/tile_0100.tif,/content/flair_fnau/output/train_dataset/train/labels/tile_0100.tif
/content/flair_fnau/output/train_dataset/train/images/tile_0046.tif,/content/flair_fnau/output/train_dataset/train/labels/tile_0046.tif
/content/flair_fnau/output/train_dataset/train/images/tile_0089.tif,/content/flair_fnau/output/train_dataset/train/labels/tile_0089.tif
/content/flair_fnau/output/train_dataset/train/images/tile_0061.tif,/content/flair_fnau/output/train_dataset/train/labels/tile_0061.tif
/content/flair_fnau/output/train_dataset/train/images/tile_0133.tif,/content/flair_fnau/output/train_dataset/train/labels/tile_0133.tif
/content/flair_fnau/output/train_dataset/train/images/tile_0079.tif,/content/flair_fnau/output/train_dataset/train/labels/tile_0079.tif
/content/flair_fnau/output/train_dataset/train/images/tile_0106.tif,/content/flair_fnau/output/train_dataset/train/labels/tile_0106.tif
/content/flair_fnau/output/train_dataset/train/images/tile_0091.tif,/content/flair_fnau/output/train_dataset/train/labels/tile_0091.tif
/content/flair_fnau/output/train_dataset/train/images/tile_0041.tif,/content/flair_fnau/output/train_dataset/train/labels/tile_0041.tif
/content/flair_fnau/output/train_dataset/train/images/tile_0058.tif,/content/flair_fnau/output/train_dataset/train/labels/tile_0058.tif
/content/flair_fnau/output/train_dataset/train/images/tile_0090.tif,/content/flair_fnau/output/train_dataset/train/labels/tile_0090.tif
/content/flair_fnau/output/train_dataset/train/images/tile_0048.tif,/content/flair_fnau/output/train_dataset/train/labels/tile_0048.tif
/content/flair_fnau/output/train_dataset/train/images/tile_0088.tif,/content/flair_fnau/output/train_dataset/train/labels/tile_0088.tif
/content/flair_fnau/output/train_dataset/train/images/tile_0115.tif,/content/flair_fnau/output/train_dataset/train/labels/tile_0115.tif
/content/flair_fnau/output/train_dataset/train/images/tile_0057.tif,/content/flair_fnau/output/train_dataset/train/labels/tile_0057.tif
/content/flair_fnau/output/train_dataset/train/images/tile_0075.tif,/content/flair_fnau/output/train_dataset/train/labels/tile_0075.tif
/content/flair_fnau/output/train_dataset/train/images/tile_0032.tif,/content/flair_fnau/output/train_dataset/train/labels/tile_0032.tif
/content/flair_fnau/output/train_dataset/train/images/tile_0129.tif,/content/flair_fnau/output/train_dataset/train/labels/tile_0129.tif
/content/flair_fnau/output/train_dataset/train/images/tile_0059.tif,/content/flair_fnau/output/train_dataset/train/labels/tile_0059.tif
/content/flair_fnau/output/train_dataset/train/images/tile_0063.tif,/content/flair_fnau/output/train_dataset/train/labels/tile_0063.tif
/content/flair_fnau/output/train_dataset/train/images/tile_0113.tif,/content/flair_fnau/output/train_dataset/train/labels/tile_0113.tif
/content/flair_fnau/output/train_dataset/train/images/tile_0037.tif,/content/flair_fnau/output/train_dataset/train/labels/tile_0037.tif
/content/flair_fnau/output/train_dataset/train/images/tile_0029.tif,/content/flair_fnau/output/train_dataset/train/labels/tile_0029.tif
/content/flair_fnau/output/train_dataset/train/images/tile_0109.tif,/content/flair_fnau/output/train_dataset/train/labels/tile_0109.tif
/content/flair_fnau/output/train_dataset/train/images/tile_0121.tif,/content/flair_fnau/output/train_dataset/train/labels/tile_0121.tif
/content/flair_fnau/output/train_dataset/train/images/tile_0001.tif,/content/flair_fnau/output/train_dataset/train/labels/tile_0001.tif
/content/flair_fnau/output/train_dataset/train/images/tile_0052.tif,/content/flair_fnau/output/train_dataset/train/labels/tile_0052.tif
/content/flair_fnau/output/train_dataset/train/images/tile_0021.tif,/content/flair_fnau/output/train_dataset/train/labels/tile_0021.tif
/content/flair_fnau/output/train_dataset/train/images/tile_0002.tif,/content/flair_fnau/output/train_dataset/train/labels/tile_0002.tif
/content/flair_fnau/output/train_dataset/train/images/tile_0023.tif,/content/flair_fnau/output/train_dataset/train/labels/tile_0023.tif
/content/flair_fnau/output/train_dataset/train/images/tile_0105.tif,/content/flair_fnau/output/train_dataset/train/labels/tile_0105.tif
/content/flair_fnau/output/train_dataset/train/images/tile_0101.tif,/content/flair_fnau/output/train_dataset/train/labels/tile_0101.tif
/content/flair_fnau/output/train_dataset/train/images/tile_0118.tif,/content/flair_fnau/output/train_dataset/train/labels/tile_0118.tif
/content/flair_fnau/output/train_dataset/train/images/tile_0087.tif,/content/flair_fnau/output/train_dataset/train/labels/tile_0087.tif
/content/flair_fnau/output/train_dataset/train/images/tile_0127.tif,/content/flair_fnau/output/train_dataset/train/labels/tile_0127.tif
/content/flair_fnau/output/train_dataset/train/images/tile_0074.tif,/content/flair_fnau/output/train_dataset/train/labels/tile_0074.tif
/content/flair_fnau/output/train_dataset/train/images/tile_0086.tif,/content/flair_fnau/output/train_dataset/train/labels/tile_0086.tif
/content/flair_fnau/output/train_dataset/train/images/tile_0082.tif,/content/flair_fnau/output/train_dataset/train/labels/tile_0082.tif
/content/flair_fnau/output/train_dataset/train/images/tile_0124.tif,/content/flair_fnau/output/train_dataset/train/labels/tile_0124.tif
/content/flair_fnau/output/train_dataset/train/images/tile_0135.tif,/content/flair_fnau/output/train_dataset/train/labels/tile_0135.tif
/content/flair_fnau/output/train_dataset/train/images/tile_0020.tif,/content/flair_fnau/output/train_dataset/train/labels/tile_0020.tif
/content/flair_fnau/output/train_dataset/train/images/tile_0060.tif,/content/flair_fnau/output/train_dataset/train/labels/tile_0060.tif
/content/flair_fnau/output/train_dataset/train/images/tile_0071.tif,/content/flair_fnau/output/train_dataset/train/labels/tile_0071.tif
/content/flair_fnau/output/train_dataset/train/images/tile_0108.tif,/content/flair_fnau/output/train_dataset/train/labels/tile_0108.tif
/content/flair_fnau/output/train_dataset/train/images/tile_0014.tif,/content/flair_fnau/output/train_dataset/train/labels/tile_0014.tif
/content/flair_fnau/output/train_dataset/train/images/tile_0092.tif,/content/flair_fnau/output/train_dataset/train/labels/tile_0092.tif
/content/flair_fnau/output/train_dataset/train/images/tile_0104.tif,/content/flair_fnau/output/train_dataset/train/labels/tile_0104.tif
