C:/_GLOBAL/TRAVAIL/OCS/cosia_fnau/FLAIR-1-main/FLAIR-1-main/output/train_dataset/train/images/tile_0093.tif,C:/_GLOBAL/TRAVAIL/OCS/cosia_fnau/FLAIR-1-main/FLAIR-1-main/output/train_dataset/train/labels/tile_0093.tif
C:/_GLOBAL/TRAVAIL/OCS/cosia_fnau/FLAIR-1-main/FLAIR-1-main/output/train_dataset/train/images/tile_0062.tif,C:/_GLOBAL/TRAVAIL/OCS/cosia_fnau/FLAIR-1-main/FLAIR-1-main/output/train_dataset/train/labels/tile_0062.tif
C:/_GLOBAL/TRAVAIL/OCS/cosia_fnau/FLAIR-1-main/FLAIR-1-main/output/train_dataset/train/images/tile_0022.tif,C:/_GLOBAL/TRAVAIL/OCS/cosia_fnau/FLAIR-1-main/FLAIR-1-main/output/train_dataset/train/labels/tile_0022.tif
C:/_GLOBAL/TRAVAIL/OCS/cosia_fnau/FLAIR-1-main/FLAIR-1-main/output/train_dataset/train/images/tile_0047.tif,C:/_GLOBAL/TRAVAIL/OCS/cosia_fnau/FLAIR-1-main/FLAIR-1-main/output/train_dataset/train/labels/tile_0047.tif
C:/_GLOBAL/TRAVAIL/OCS/cosia_fnau/FLAIR-1-main/FLAIR-1-main/output/train_dataset/train/images/tile_0067.tif,C:/_GLOBAL/TRAVAIL/OCS/cosia_fnau/FLAIR-1-main/FLAIR-1-main/output/train_dataset/train/labels/tile_0067.tif
C:/_GLOBAL/TRAVAIL/OCS/cosia_fnau/FLAIR-1-main/FLAIR-1-main/output/train_dataset/train/images/tile_0098.tif,C:/_GLOBAL/TRAVAIL/OCS/cosia_fnau/FLAIR-1-main/FLAIR-1-main/output/train_dataset/train/labels/tile_0098.tif
C:/_GLOBAL/TRAVAIL/OCS/cosia_fnau/FLAIR-1-main/FLAIR-1-main/output/train_dataset/train/images/tile_0030.tif,C:/_GLOBAL/TRAVAIL/OCS/cosia_fnau/FLAIR-1-main/FLAIR-1-main/output/train_dataset/train/labels/tile_0030.tif
C:/_GLOBAL/TRAVAIL/OCS/cosia_fnau/FLAIR-1-main/FLAIR-1-main/output/train_dataset/train/images/tile_0073.tif,C:/_GLOBAL/TRAVAIL/OCS/cosia_fnau/FLAIR-1-main/FLAIR-1-main/output/train_dataset/train/labels/tile_0073.tif
C:/_GLOBAL/TRAVAIL/OCS/cosia_fnau/FLAIR-1-main/FLAIR-1-main/output/train_dataset/train/images/tile_0064.tif,C:/_GLOBAL/TRAVAIL/OCS/cosia_fnau/FLAIR-1-main/FLAIR-1-main/output/train_dataset/train/labels/tile_0064.tif
C:/_GLOBAL/TRAVAIL/OCS/cosia_fnau/FLAIR-1-main/FLAIR-1-main/output/train_dataset/train/images/tile_0009.tif,C:/_GLOBAL/TRAVAIL/OCS/cosia_fnau/FLAIR-1-main/FLAIR-1-main/output/train_dataset/train/labels/tile_0009.tif
C:/_GLOBAL/TRAVAIL/OCS/cosia_fnau/FLAIR-1-main/FLAIR-1-main/output/train_dataset/train/images/tile_0033.tif,C:/_GLOBAL/TRAVAIL/OCS/cosia_fnau/FLAIR-1-main/FLAIR-1-main/output/train_dataset/train/labels/tile_0033.tif
C:/_GLOBAL/TRAVAIL/OCS/cosia_fnau/FLAIR-1-main/FLAIR-1-main/output/train_dataset/train/images/tile_0068.tif,C:/_GLOBAL/TRAVAIL/OCS/cosia_fnau/FLAIR-1-main/FLAIR-1-main/output/train_dataset/train/labels/tile_0068.tif
C:/_GLOBAL/TRAVAIL/OCS/cosia_fnau/FLAIR-1-main/FLAIR-1-main/output/train_dataset/train/images/tile_0025.tif,C:/_GLOBAL/TRAVAIL/OCS/cosia_fnau/FLAIR-1-main/FLAIR-1-main/output/train_dataset/train/labels/tile_0025.tif
C:/_GLOBAL/TRAVAIL/OCS/cosia_fnau/FLAIR-1-main/FLAIR-1-main/output/train_dataset/train/images/tile_0076.tif,C:/_GLOBAL/TRAVAIL/OCS/cosia_fnau/FLAIR-1-main/FLAIR-1-main/output/train_dataset/train/labels/tile_0076.tif
C:/_GLOBAL/TRAVAIL/OCS/cosia_fnau/FLAIR-1-main/FLAIR-1-main/output/train_dataset/train/images/tile_0028.tif,C:/_GLOBAL/TRAVAIL/OCS/cosia_fnau/FLAIR-1-main/FLAIR-1-main/output/train_dataset/train/labels/tile_0028.tif
C:/_GLOBAL/TRAVAIL/OCS/cosia_fnau/FLAIR-1-main/FLAIR-1-main/output/train_dataset/train/images/tile_0096.tif,C:/_GLOBAL/TRAVAIL/OCS/cosia_fnau/FLAIR-1-main/FLAIR-1-main/output/train_dataset/train/labels/tile_0096.tif
C:/_GLOBAL/TRAVAIL/OCS/cosia_fnau/FLAIR-1-main/FLAIR-1-main/output/train_dataset/train/images/tile_0125.tif,C:/_GLOBAL/TRAVAIL/OCS/cosia_fnau/FLAIR-1-main/FLAIR-1-main/output/train_dataset/train/labels/tile_0125.tif
C:/_GLOBAL/TRAVAIL/OCS/cosia_fnau/FLAIR-1-main/FLAIR-1-main/output/train_dataset/train/images/tile_0094.tif,C:/_GLOBAL/TRAVAIL/OCS/cosia_fnau/FLAIR-1-main/FLAIR-1-main/output/train_dataset/train/labels/tile_0094.tif
C:/_GLOBAL/TRAVAIL/OCS/cosia_fnau/FLAIR-1-main/FLAIR-1-main/output/train_dataset/train/images/tile_0053.tif,C:/_GLOBAL/TRAVAIL/OCS/cosia_fnau/FLAIR-1-main/FLAIR-1-main/output/train_dataset/train/labels/tile_0053.tif
C:/_GLOBAL/TRAVAIL/OCS/cosia_fnau/FLAIR-1-main/FLAIR-1-main/output/train_dataset/train/images/tile_0005.tif,C:/_GLOBAL/TRAVAIL/OCS/cosia_fnau/FLAIR-1-main/FLAIR-1-main/output/train_dataset/train/labels/tile_0005.tif
C:/_GLOBAL/TRAVAIL/OCS/cosia_fnau/FLAIR-1-main/FLAIR-1-main/output/train_dataset/train/images/tile_0070.tif,C:/_GLOBAL/TRAVAIL/OCS/cosia_fnau/FLAIR-1-main/FLAIR-1-main/output/train_dataset/train/labels/tile_0070.tif
C:/_GLOBAL/TRAVAIL/OCS/cosia_fnau/FLAIR-1-main/FLAIR-1-main/output/train_dataset/train/images/tile_0103.tif,C:/_GLOBAL/TRAVAIL/OCS/cosia_fnau/FLAIR-1-main/FLAIR-1-main/output/train_dataset/train/labels/tile_0103.tif
C:/_GLOBAL/TRAVAIL/OCS/cosia_fnau/FLAIR-1-main/FLAIR-1-main/output/train_dataset/train/images/tile_0039.tif,C:/_GLOBAL/TRAVAIL/OCS/cosia_fnau/FLAIR-1-main/FLAIR-1-main/output/train_dataset/train/labels/tile_0039.tif
C:/_GLOBAL/TRAVAIL/OCS/cosia_fnau/FLAIR-1-main/FLAIR-1-main/output/train_dataset/train/images/tile_0049.tif,C:/_GLOBAL/TRAVAIL/OCS/cosia_fnau/FLAIR-1-main/FLAIR-1-main/output/train_dataset/train/labels/tile_0049.tif
C:/_GLOBAL/TRAVAIL/OCS/cosia_fnau/FLAIR-1-main/FLAIR-1-main/output/train_dataset/train/images/tile_0035.tif,C:/_GLOBAL/TRAVAIL/OCS/cosia_fnau/FLAIR-1-main/FLAIR-1-main/output/train_dataset/train/labels/tile_0035.tif
C:/_GLOBAL/TRAVAIL/OCS/cosia_fnau/FLAIR-1-main/FLAIR-1-main/output/train_dataset/train/images/tile_0034.tif,C:/_GLOBAL/TRAVAIL/OCS/cosia_fnau/FLAIR-1-main/FLAIR-1-main/output/train_dataset/train/labels/tile_0034.tif
C:/_GLOBAL/TRAVAIL/OCS/cosia_fnau/FLAIR-1-main/FLAIR-1-main/output/train_dataset/train/images/tile_0112.tif,C:/_GLOBAL/TRAVAIL/OCS/cosia_fnau/FLAIR-1-main/FLAIR-1-main/output/train_dataset/train/labels/tile_0112.tif
C:/_GLOBAL/TRAVAIL/OCS/cosia_fnau/FLAIR-1-main/FLAIR-1-main/output/train_dataset/train/images/tile_0007.tif,C:/_GLOBAL/TRAVAIL/OCS/cosia_fnau/FLAIR-1-main/FLAIR-1-main/output/train_dataset/train/labels/tile_0007.tif
C:/_GLOBAL/TRAVAIL/OCS/cosia_fnau/FLAIR-1-main/FLAIR-1-main/output/train_dataset/train/images/tile_0043.tif,C:/_GLOBAL/TRAVAIL/OCS/cosia_fnau/FLAIR-1-main/FLAIR-1-main/output/train_dataset/train/labels/tile_0043.tif
C:/_GLOBAL/TRAVAIL/OCS/cosia_fnau/FLAIR-1-main/FLAIR-1-main/output/train_dataset/train/images/tile_0122.tif,C:/_GLOBAL/TRAVAIL/OCS/cosia_fnau/FLAIR-1-main/FLAIR-1-main/output/train_dataset/train/labels/tile_0122.tif
C:/_GLOBAL/TRAVAIL/OCS/cosia_fnau/FLAIR-1-main/FLAIR-1-main/output/train_dataset/train/images/tile_0132.tif,C:/_GLOBAL/TRAVAIL/OCS/cosia_fnau/FLAIR-1-main/FLAIR-1-main/output/train_dataset/train/labels/tile_0132.tif
C:/_GLOBAL/TRAVAIL/OCS/cosia_fnau/FLAIR-1-main/FLAIR-1-main/output/train_dataset/train/images/tile_0114.tif,C:/_GLOBAL/TRAVAIL/OCS/cosia_fnau/FLAIR-1-main/FLAIR-1-main/output/train_dataset/train/labels/tile_0114.tif
C:/_GLOBAL/TRAVAIL/OCS/cosia_fnau/FLAIR-1-main/FLAIR-1-main/output/train_dataset/train/images/tile_0008.tif,C:/_GLOBAL/TRAVAIL/OCS/cosia_fnau/FLAIR-1-main/FLAIR-1-main/output/train_dataset/train/labels/tile_0008.tif
C:/_GLOBAL/TRAVAIL/OCS/cosia_fnau/FLAIR-1-main/FLAIR-1-main/output/train_dataset/train/images/tile_0013.tif,C:/_GLOBAL/TRAVAIL/OCS/cosia_fnau/FLAIR-1-main/FLAIR-1-main/output/train_dataset/train/labels/tile_0013.tif
C:/_GLOBAL/TRAVAIL/OCS/cosia_fnau/FLAIR-1-main/FLAIR-1-main/output/train_dataset/train/images/tile_0134.tif,C:/_GLOBAL/TRAVAIL/OCS/cosia_fnau/FLAIR-1-main/FLAIR-1-main/output/train_dataset/train/labels/tile_0134.tif
C:/_GLOBAL/TRAVAIL/OCS/cosia_fnau/FLAIR-1-main/FLAIR-1-main/output/train_dataset/train/images/tile_0003.tif,C:/_GLOBAL/TRAVAIL/OCS/cosia_fnau/FLAIR-1-main/FLAIR-1-main/output/train_dataset/train/labels/tile_0003.tif
C:/_GLOBAL/TRAVAIL/OCS/cosia_fnau/FLAIR-1-main/FLAIR-1-main/output/train_dataset/train/images/tile_0017.tif,C:/_GLOBAL/TRAVAIL/OCS/cosia_fnau/FLAIR-1-main/FLAIR-1-main/output/train_dataset/train/labels/tile_0017.tif
C:/_GLOBAL/TRAVAIL/OCS/cosia_fnau/FLAIR-1-main/FLAIR-1-main/output/train_dataset/train/images/tile_0038.tif,C:/_GLOBAL/TRAVAIL/OCS/cosia_fnau/FLAIR-1-main/FLAIR-1-main/output/train_dataset/train/labels/tile_0038.tif
C:/_GLOBAL/TRAVAIL/OCS/cosia_fnau/FLAIR-1-main/FLAIR-1-main/output/train_dataset/train/images/tile_0072.tif,C:/_GLOBAL/TRAVAIL/OCS/cosia_fnau/FLAIR-1-main/FLAIR-1-main/output/train_dataset/train/labels/tile_0072.tif
C:/_GLOBAL/TRAVAIL/OCS/cosia_fnau/FLAIR-1-main/FLAIR-1-main/output/train_dataset/train/images/tile_0120.tif,C:/_GLOBAL/TRAVAIL/OCS/cosia_fnau/FLAIR-1-main/FLAIR-1-main/output/train_dataset/train/labels/tile_0120.tif
C:/_GLOBAL/TRAVAIL/OCS/cosia_fnau/FLAIR-1-main/FLAIR-1-main/output/train_dataset/train/images/tile_0006.tif,C:/_GLOBAL/TRAVAIL/OCS/cosia_fnau/FLAIR-1-main/FLAIR-1-main/output/train_dataset/train/labels/tile_0006.tif
C:/_GLOBAL/TRAVAIL/OCS/cosia_fnau/FLAIR-1-main/FLAIR-1-main/output/train_dataset/train/images/tile_0085.tif,C:/_GLOBAL/TRAVAIL/OCS/cosia_fnau/FLAIR-1-main/FLAIR-1-main/output/train_dataset/train/labels/tile_0085.tif
C:/_GLOBAL/TRAVAIL/OCS/cosia_fnau/FLAIR-1-main/FLAIR-1-main/output/train_dataset/train/images/tile_0116.tif,C:/_GLOBAL/TRAVAIL/OCS/cosia_fnau/FLAIR-1-main/FLAIR-1-main/output/train_dataset/train/labels/tile_0116.tif
C:/_GLOBAL/TRAVAIL/OCS/cosia_fnau/FLAIR-1-main/FLAIR-1-main/output/train_dataset/train/images/tile_0107.tif,C:/_GLOBAL/TRAVAIL/OCS/cosia_fnau/FLAIR-1-main/FLAIR-1-main/output/train_dataset/train/labels/tile_0107.tif
C:/_GLOBAL/TRAVAIL/OCS/cosia_fnau/FLAIR-1-main/FLAIR-1-main/output/train_dataset/train/images/tile_0054.tif,C:/_GLOBAL/TRAVAIL/OCS/cosia_fnau/FLAIR-1-main/FLAIR-1-main/output/train_dataset/train/labels/tile_0054.tif
C:/_GLOBAL/TRAVAIL/OCS/cosia_fnau/FLAIR-1-main/FLAIR-1-main/output/train_dataset/train/images/tile_0050.tif,C:/_GLOBAL/TRAVAIL/OCS/cosia_fnau/FLAIR-1-main/FLAIR-1-main/output/train_dataset/train/labels/tile_0050.tif
C:/_GLOBAL/TRAVAIL/OCS/cosia_fnau/FLAIR-1-main/FLAIR-1-main/output/train_dataset/train/images/tile_0100.tif,C:/_GLOBAL/TRAVAIL/OCS/cosia_fnau/FLAIR-1-main/FLAIR-1-main/output/train_dataset/train/labels/tile_0100.tif
C:/_GLOBAL/TRAVAIL/OCS/cosia_fnau/FLAIR-1-main/FLAIR-1-main/output/train_dataset/train/images/tile_0046.tif,C:/_GLOBAL/TRAVAIL/OCS/cosia_fnau/FLAIR-1-main/FLAIR-1-main/output/train_dataset/train/labels/tile_0046.tif
C:/_GLOBAL/TRAVAIL/OCS/cosia_fnau/FLAIR-1-main/FLAIR-1-main/output/train_dataset/train/images/tile_0089.tif,C:/_GLOBAL/TRAVAIL/OCS/cosia_fnau/FLAIR-1-main/FLAIR-1-main/output/train_dataset/train/labels/tile_0089.tif
C:/_GLOBAL/TRAVAIL/OCS/cosia_fnau/FLAIR-1-main/FLAIR-1-main/output/train_dataset/train/images/tile_0061.tif,C:/_GLOBAL/TRAVAIL/OCS/cosia_fnau/FLAIR-1-main/FLAIR-1-main/output/train_dataset/train/labels/tile_0061.tif
C:/_GLOBAL/TRAVAIL/OCS/cosia_fnau/FLAIR-1-main/FLAIR-1-main/output/train_dataset/train/images/tile_0133.tif,C:/_GLOBAL/TRAVAIL/OCS/cosia_fnau/FLAIR-1-main/FLAIR-1-main/output/train_dataset/train/labels/tile_0133.tif
C:/_GLOBAL/TRAVAIL/OCS/cosia_fnau/FLAIR-1-main/FLAIR-1-main/output/train_dataset/train/images/tile_0079.tif,C:/_GLOBAL/TRAVAIL/OCS/cosia_fnau/FLAIR-1-main/FLAIR-1-main/output/train_dataset/train/labels/tile_0079.tif
C:/_GLOBAL/TRAVAIL/OCS/cosia_fnau/FLAIR-1-main/FLAIR-1-main/output/train_dataset/train/images/tile_0106.tif,C:/_GLOBAL/TRAVAIL/OCS/cosia_fnau/FLAIR-1-main/FLAIR-1-main/output/train_dataset/train/labels/tile_0106.tif
C:/_GLOBAL/TRAVAIL/OCS/cosia_fnau/FLAIR-1-main/FLAIR-1-main/output/train_dataset/train/images/tile_0091.tif,C:/_GLOBAL/TRAVAIL/OCS/cosia_fnau/FLAIR-1-main/FLAIR-1-main/output/train_dataset/train/labels/tile_0091.tif
C:/_GLOBAL/TRAVAIL/OCS/cosia_fnau/FLAIR-1-main/FLAIR-1-main/output/train_dataset/train/images/tile_0041.tif,C:/_GLOBAL/TRAVAIL/OCS/cosia_fnau/FLAIR-1-main/FLAIR-1-main/output/train_dataset/train/labels/tile_0041.tif
C:/_GLOBAL/TRAVAIL/OCS/cosia_fnau/FLAIR-1-main/FLAIR-1-main/output/train_dataset/train/images/tile_0058.tif,C:/_GLOBAL/TRAVAIL/OCS/cosia_fnau/FLAIR-1-main/FLAIR-1-main/output/train_dataset/train/labels/tile_0058.tif
C:/_GLOBAL/TRAVAIL/OCS/cosia_fnau/FLAIR-1-main/FLAIR-1-main/output/train_dataset/train/images/tile_0090.tif,C:/_GLOBAL/TRAVAIL/OCS/cosia_fnau/FLAIR-1-main/FLAIR-1-main/output/train_dataset/train/labels/tile_0090.tif
C:/_GLOBAL/TRAVAIL/OCS/cosia_fnau/FLAIR-1-main/FLAIR-1-main/output/train_dataset/train/images/tile_0048.tif,C:/_GLOBAL/TRAVAIL/OCS/cosia_fnau/FLAIR-1-main/FLAIR-1-main/output/train_dataset/train/labels/tile_0048.tif
C:/_GLOBAL/TRAVAIL/OCS/cosia_fnau/FLAIR-1-main/FLAIR-1-main/output/train_dataset/train/images/tile_0088.tif,C:/_GLOBAL/TRAVAIL/OCS/cosia_fnau/FLAIR-1-main/FLAIR-1-main/output/train_dataset/train/labels/tile_0088.tif
C:/_GLOBAL/TRAVAIL/OCS/cosia_fnau/FLAIR-1-main/FLAIR-1-main/output/train_dataset/train/images/tile_0115.tif,C:/_GLOBAL/TRAVAIL/OCS/cosia_fnau/FLAIR-1-main/FLAIR-1-main/output/train_dataset/train/labels/tile_0115.tif
C:/_GLOBAL/TRAVAIL/OCS/cosia_fnau/FLAIR-1-main/FLAIR-1-main/output/train_dataset/train/images/tile_0057.tif,C:/_GLOBAL/TRAVAIL/OCS/cosia_fnau/FLAIR-1-main/FLAIR-1-main/output/train_dataset/train/labels/tile_0057.tif
C:/_GLOBAL/TRAVAIL/OCS/cosia_fnau/FLAIR-1-main/FLAIR-1-main/output/train_dataset/train/images/tile_0075.tif,C:/_GLOBAL/TRAVAIL/OCS/cosia_fnau/FLAIR-1-main/FLAIR-1-main/output/train_dataset/train/labels/tile_0075.tif
C:/_GLOBAL/TRAVAIL/OCS/cosia_fnau/FLAIR-1-main/FLAIR-1-main/output/train_dataset/train/images/tile_0032.tif,C:/_GLOBAL/TRAVAIL/OCS/cosia_fnau/FLAIR-1-main/FLAIR-1-main/output/train_dataset/train/labels/tile_0032.tif
C:/_GLOBAL/TRAVAIL/OCS/cosia_fnau/FLAIR-1-main/FLAIR-1-main/output/train_dataset/train/images/tile_0129.tif,C:/_GLOBAL/TRAVAIL/OCS/cosia_fnau/FLAIR-1-main/FLAIR-1-main/output/train_dataset/train/labels/tile_0129.tif
C:/_GLOBAL/TRAVAIL/OCS/cosia_fnau/FLAIR-1-main/FLAIR-1-main/output/train_dataset/train/images/tile_0059.tif,C:/_GLOBAL/TRAVAIL/OCS/cosia_fnau/FLAIR-1-main/FLAIR-1-main/output/train_dataset/train/labels/tile_0059.tif
C:/_GLOBAL/TRAVAIL/OCS/cosia_fnau/FLAIR-1-main/FLAIR-1-main/output/train_dataset/train/images/tile_0063.tif,C:/_GLOBAL/TRAVAIL/OCS/cosia_fnau/FLAIR-1-main/FLAIR-1-main/output/train_dataset/train/labels/tile_0063.tif
C:/_GLOBAL/TRAVAIL/OCS/cosia_fnau/FLAIR-1-main/FLAIR-1-main/output/train_dataset/train/images/tile_0113.tif,C:/_GLOBAL/TRAVAIL/OCS/cosia_fnau/FLAIR-1-main/FLAIR-1-main/output/train_dataset/train/labels/tile_0113.tif
C:/_GLOBAL/TRAVAIL/OCS/cosia_fnau/FLAIR-1-main/FLAIR-1-main/output/train_dataset/train/images/tile_0037.tif,C:/_GLOBAL/TRAVAIL/OCS/cosia_fnau/FLAIR-1-main/FLAIR-1-main/output/train_dataset/train/labels/tile_0037.tif
C:/_GLOBAL/TRAVAIL/OCS/cosia_fnau/FLAIR-1-main/FLAIR-1-main/output/train_dataset/train/images/tile_0029.tif,C:/_GLOBAL/TRAVAIL/OCS/cosia_fnau/FLAIR-1-main/FLAIR-1-main/output/train_dataset/train/labels/tile_0029.tif
C:/_GLOBAL/TRAVAIL/OCS/cosia_fnau/FLAIR-1-main/FLAIR-1-main/output/train_dataset/train/images/tile_0109.tif,C:/_GLOBAL/TRAVAIL/OCS/cosia_fnau/FLAIR-1-main/FLAIR-1-main/output/train_dataset/train/labels/tile_0109.tif
C:/_GLOBAL/TRAVAIL/OCS/cosia_fnau/FLAIR-1-main/FLAIR-1-main/output/train_dataset/train/images/tile_0121.tif,C:/_GLOBAL/TRAVAIL/OCS/cosia_fnau/FLAIR-1-main/FLAIR-1-main/output/train_dataset/train/labels/tile_0121.tif
C:/_GLOBAL/TRAVAIL/OCS/cosia_fnau/FLAIR-1-main/FLAIR-1-main/output/train_dataset/train/images/tile_0001.tif,C:/_GLOBAL/TRAVAIL/OCS/cosia_fnau/FLAIR-1-main/FLAIR-1-main/output/train_dataset/train/labels/tile_0001.tif
C:/_GLOBAL/TRAVAIL/OCS/cosia_fnau/FLAIR-1-main/FLAIR-1-main/output/train_dataset/train/images/tile_0052.tif,C:/_GLOBAL/TRAVAIL/OCS/cosia_fnau/FLAIR-1-main/FLAIR-1-main/output/train_dataset/train/labels/tile_0052.tif
C:/_GLOBAL/TRAVAIL/OCS/cosia_fnau/FLAIR-1-main/FLAIR-1-main/output/train_dataset/train/images/tile_0021.tif,C:/_GLOBAL/TRAVAIL/OCS/cosia_fnau/FLAIR-1-main/FLAIR-1-main/output/train_dataset/train/labels/tile_0021.tif
C:/_GLOBAL/TRAVAIL/OCS/cosia_fnau/FLAIR-1-main/FLAIR-1-main/output/train_dataset/train/images/tile_0002.tif,C:/_GLOBAL/TRAVAIL/OCS/cosia_fnau/FLAIR-1-main/FLAIR-1-main/output/train_dataset/train/labels/tile_0002.tif
C:/_GLOBAL/TRAVAIL/OCS/cosia_fnau/FLAIR-1-main/FLAIR-1-main/output/train_dataset/train/images/tile_0023.tif,C:/_GLOBAL/TRAVAIL/OCS/cosia_fnau/FLAIR-1-main/FLAIR-1-main/output/train_dataset/train/labels/tile_0023.tif
C:/_GLOBAL/TRAVAIL/OCS/cosia_fnau/FLAIR-1-main/FLAIR-1-main/output/train_dataset/train/images/tile_0105.tif,C:/_GLOBAL/TRAVAIL/OCS/cosia_fnau/FLAIR-1-main/FLAIR-1-main/output/train_dataset/train/labels/tile_0105.tif
C:/_GLOBAL/TRAVAIL/OCS/cosia_fnau/FLAIR-1-main/FLAIR-1-main/output/train_dataset/train/images/tile_0101.tif,C:/_GLOBAL/TRAVAIL/OCS/cosia_fnau/FLAIR-1-main/FLAIR-1-main/output/train_dataset/train/labels/tile_0101.tif
C:/_GLOBAL/TRAVAIL/OCS/cosia_fnau/FLAIR-1-main/FLAIR-1-main/output/train_dataset/train/images/tile_0118.tif,C:/_GLOBAL/TRAVAIL/OCS/cosia_fnau/FLAIR-1-main/FLAIR-1-main/output/train_dataset/train/labels/tile_0118.tif
C:/_GLOBAL/TRAVAIL/OCS/cosia_fnau/FLAIR-1-main/FLAIR-1-main/output/train_dataset/train/images/tile_0087.tif,C:/_GLOBAL/TRAVAIL/OCS/cosia_fnau/FLAIR-1-main/FLAIR-1-main/output/train_dataset/train/labels/tile_0087.tif
C:/_GLOBAL/TRAVAIL/OCS/cosia_fnau/FLAIR-1-main/FLAIR-1-main/output/train_dataset/train/images/tile_0127.tif,C:/_GLOBAL/TRAVAIL/OCS/cosia_fnau/FLAIR-1-main/FLAIR-1-main/output/train_dataset/train/labels/tile_0127.tif
C:/_GLOBAL/TRAVAIL/OCS/cosia_fnau/FLAIR-1-main/FLAIR-1-main/output/train_dataset/train/images/tile_0074.tif,C:/_GLOBAL/TRAVAIL/OCS/cosia_fnau/FLAIR-1-main/FLAIR-1-main/output/train_dataset/train/labels/tile_0074.tif
C:/_GLOBAL/TRAVAIL/OCS/cosia_fnau/FLAIR-1-main/FLAIR-1-main/output/train_dataset/train/images/tile_0086.tif,C:/_GLOBAL/TRAVAIL/OCS/cosia_fnau/FLAIR-1-main/FLAIR-1-main/output/train_dataset/train/labels/tile_0086.tif
C:/_GLOBAL/TRAVAIL/OCS/cosia_fnau/FLAIR-1-main/FLAIR-1-main/output/train_dataset/train/images/tile_0082.tif,C:/_GLOBAL/TRAVAIL/OCS/cosia_fnau/FLAIR-1-main/FLAIR-1-main/output/train_dataset/train/labels/tile_0082.tif
C:/_GLOBAL/TRAVAIL/OCS/cosia_fnau/FLAIR-1-main/FLAIR-1-main/output/train_dataset/train/images/tile_0124.tif,C:/_GLOBAL/TRAVAIL/OCS/cosia_fnau/FLAIR-1-main/FLAIR-1-main/output/train_dataset/train/labels/tile_0124.tif
C:/_GLOBAL/TRAVAIL/OCS/cosia_fnau/FLAIR-1-main/FLAIR-1-main/output/train_dataset/train/images/tile_0135.tif,C:/_GLOBAL/TRAVAIL/OCS/cosia_fnau/FLAIR-1-main/FLAIR-1-main/output/train_dataset/train/labels/tile_0135.tif
C:/_GLOBAL/TRAVAIL/OCS/cosia_fnau/FLAIR-1-main/FLAIR-1-main/output/train_dataset/train/images/tile_0020.tif,C:/_GLOBAL/TRAVAIL/OCS/cosia_fnau/FLAIR-1-main/FLAIR-1-main/output/train_dataset/train/labels/tile_0020.tif
C:/_GLOBAL/TRAVAIL/OCS/cosia_fnau/FLAIR-1-main/FLAIR-1-main/output/train_dataset/train/images/tile_0060.tif,C:/_GLOBAL/TRAVAIL/OCS/cosia_fnau/FLAIR-1-main/FLAIR-1-main/output/train_dataset/train/labels/tile_0060.tif
C:/_GLOBAL/TRAVAIL/OCS/cosia_fnau/FLAIR-1-main/FLAIR-1-main/output/train_dataset/train/images/tile_0071.tif,C:/_GLOBAL/TRAVAIL/OCS/cosia_fnau/FLAIR-1-main/FLAIR-1-main/output/train_dataset/train/labels/tile_0071.tif
C:/_GLOBAL/TRAVAIL/OCS/cosia_fnau/FLAIR-1-main/FLAIR-1-main/output/train_dataset/train/images/tile_0108.tif,C:/_GLOBAL/TRAVAIL/OCS/cosia_fnau/FLAIR-1-main/FLAIR-1-main/output/train_dataset/train/labels/tile_0108.tif
C:/_GLOBAL/TRAVAIL/OCS/cosia_fnau/FLAIR-1-main/FLAIR-1-main/output/train_dataset/train/images/tile_0014.tif,C:/_GLOBAL/TRAVAIL/OCS/cosia_fnau/FLAIR-1-main/FLAIR-1-main/output/train_dataset/train/labels/tile_0014.tif
C:/_GLOBAL/TRAVAIL/OCS/cosia_fnau/FLAIR-1-main/FLAIR-1-main/output/train_dataset/train/images/tile_0092.tif,C:/_GLOBAL/TRAVAIL/OCS/cosia_fnau/FLAIR-1-main/FLAIR-1-main/output/train_dataset/train/labels/tile_0092.tif
C:/_GLOBAL/TRAVAIL/OCS/cosia_fnau/FLAIR-1-main/FLAIR-1-main/output/train_dataset/train/images/tile_0104.tif,C:/_GLOBAL/TRAVAIL/OCS/cosia_fnau/FLAIR-1-main/FLAIR-1-main/output/train_dataset/train/labels/tile_0104.tif
